binomial,genus,species,subspecies,taxon_name,birdtree_binomal,birdtree_family,birdtree_order,birdtree_passnonpass,birdtree_oscsubosc,genbank_data,refseq_data,nature_paper_match,Preferred.genus.repAcanthisitta_chloris,Acanthisitta,chloris,NA,Acanthisitta_chloris,Acanthisitta_chloris,Acanthisittidae,PASSERIFORMES,PASSERIFORMES,Tyranni,1,1,Acanthisitta_chloris,1Amazona_aestiva,Amazona,aestiva,NA,Amazona_aestiva,Amazona_aestiva,Psittacidae,PSITTACIFORMES,NONPASSERIFORMES,NONPASSERIFORMES,1,0,Amazona_autumnalis,1Amazona_vittata,Amazona,vittata,NA,Amazona_vittata,Amazona_vittata,Psittacidae,PSITTACIFORMES,NONPASSERIFORMES,NONPASSERIFORMES,1,0,Amazona_autumnalis,0Anas_platyrhynchos,Anas,platyrhynchos,NA,Anas_platyrhynchos,Anas_platyrhynchos,Anatidae,ANSERIFORMES,NONPASSERIFORMES,NONPASSERIFORMES,1,1,Anas_platyrhynchos,1Anser_cygnoides,Anser,cygnoides,domesticus,Anser_cygnoides_domesticus,Anser_cygnoides,Anatidae,ANSERIFORMES,NONPASSERIFORMES,NONPASSERIFORMES,1,1,Anser_fabalis,1Apaloderma_vittatum,Apaloderma,vittatum,NA,Apaloderma_vittatum,Apaloderma_vittatum,Trogonidae,TROGONIFORMES,NONPASSERIFORMES,NONPASSERIFORMES,1,1,Apaloderma_vittatum,1Aptenodytes_forsteri,Aptenodytes,forsteri,NA,Aptenodytes_forsteri,Aptenodytes_forsteri,Spheniscidae,SPHENISCIFORMES,NONPASSERIFORMES,NONPASSERIFORMES,1,1,Aptenodytes_forsteri,1Apteryx_australis,Apteryx,australis,mantelli,Apteryx_australis_mantelli,Apteryx_australis,Apterygidae,APTERYGIFORMES,NONPASSERIFORMES,NONPASSERIFORMES,1,1,Apteryx_haastii,1Aquila_chrysaetos,Aquila,chrysaetos,canadensis,Aquila_chrysaetos_canadensis,Aquila_chrysaetos,Accipitridae,ACCIPITRIFORMES,NONPASSERIFORMES,NONPASSERIFORMES,1,1,Aquila_pomarina,1Ara_macao,Ara,macao,NA,Ara_macao,Ara_macao,Psittacidae,PSITTACIFORMES,NONPASSERIFORMES,NONPASSERIFORMES,1,0,Ara_severus,1Balearica_regulorum,Balearica,regulorum,gibbericeps,Balearica_regulorum_gibbericeps,Balearica_regulorum,Gruidae,GRUIFORMES,NONPASSERIFORMES,NONPASSERIFORMES,1,1,Balearica_regulorum,1Buceros_rhinoceros,Buceros,rhinoceros,silvestris,Buceros_rhinoceros_silvestris,Buceros_rhinoceros,Bucerotidae,BUCEROTIFORMES,NONPASSERIFORMES,NONPASSERIFORMES,1,1,Buceros_hydrocorax,1Calidris_pugnax,Calidris,pugnax,NA,Calidris_pugnax,Philomachus_pugnax,Scolopacidae,CHARADRIIFORMES,NONPASSERIFORMES,NONPASSERIFORMES,1,1,Philomachus_pugnax,1Calypte_anna,Calypte,anna,NA,Calypte_anna,Calypte_anna,Trochilidae,APODIFORMES,NONPASSERIFORMES,NONPASSERIFORMES,1,1,Calypte_anna,1Caprimulgus_carolinensis,Caprimulgus,carolinensis,NA,Caprimulgus_carolinensis,Caprimulgus_carolinensis,Caprimulgidae,CAPRIMULGIFORMES,NONPASSERIFORMES,NONPASSERIFORMES,1,1,Caprimulgus_affinis,1Cariama_cristata,Cariama,cristata,NA,Cariama_cristata,Cariama_cristata,Cariamidae,CARIAMIFORMES,NONPASSERIFORMES,NONPASSERIFORMES,1,1,Cariama_cristata,1Cathartes_aura,Cathartes,aura,NA,Cathartes_aura,Cathartes_aura,Cathartidae,ACCIPITRIFORMES,NONPASSERIFORMES,NONPASSERIFORMES,1,0,Cathartes_aura,1Chaetura_pelagica,Chaetura,pelagica,NA,Chaetura_pelagica,Chaetura_pelagica,Apodidae,APODIFORMES,NONPASSERIFORMES,NONPASSERIFORMES,1,1,Chaetura_pelagica,1Charadrius_vociferus,Charadrius,vociferus,NA,Charadrius_vociferus,Charadrius_vociferus,Charadriidae,CHARADRIIFORMES,NONPASSERIFORMES,NONPASSERIFORMES,1,1,Charadrius_vociferus,1Chlamydotis_macqueenii,Chlamydotis,macqueenii,NA,Chlamydotis_macqueenii,Chlamydotis_undulata,Otididae,OTIDIFORMES,NONPASSERIFORMES,NONPASSERIFORMES,1,1,Chlamydotis_undulata,1Colinus_virginianus,Colinus,virginianus,NA,Colinus_virginianus,Colinus_virginianus,Odontophoridae,GALLIFORMES,NONPASSERIFORMES,NONPASSERIFORMES,1,0,Colinus_cristatus,1Colius_striatus,Colius,striatus,NA,Colius_striatus,Colius_striatus,Coliidae,COLIIFORMES,NONPASSERIFORMES,NONPASSERIFORMES,1,1,Colius_striatus,1Columba_livia,Columba,livia,NA,Columba_livia,Columba_livia,Columbidae,COLUMBIFORMES,NONPASSERIFORMES,NONPASSERIFORMES,1,1,Columba_bollii,1Corvus_brachyrhynchos,Corvus,brachyrhynchos,NA,Corvus_brachyrhynchos,Corvus_brachyrhynchos,Corvidae,PASSERIFORMES,PASSERIFORMES,Passeri,1,1,Corvus_corone,0Corvus_cornix,Corvus,cornix,cornix,Corvus_cornix_cornix,Corvus_corone,Corvidae,PASSERIFORMES,PASSERIFORMES,Passeri,1,1,Corvus_corone,1Coturnix_japonica,Coturnix,japonica,NA,Coturnix_japonica,Coturnix_japonica,Phasianidae,GALLIFORMES,NONPASSERIFORMES,NONPASSERIFORMES,1,1,Coturnix_coturnix,1Cuculus_canorus,Cuculus,canorus,NA,Cuculus_canorus,Cuculus_canorus,Cuculidae,CUCULIFORMES,NONPASSERIFORMES,NONPASSERIFORMES,1,1,Cuculus_canorus,1Egretta_garzetta,Egretta,garzetta,NA,Egretta_garzetta,Egretta_garzetta,Ardeidae,PELECANIFORMES,NONPASSERIFORMES,NONPASSERIFORMES,1,1,Egretta_garzetta,1Eurypyga_helias,Eurypyga,helias,NA,Eurypyga_helias,Eurypyga_helias,Eurypygidae,EURYPYGIFORMES,NONPASSERIFORMES,NONPASSERIFORMES,1,1,Eurypyga_helias,1Falco_cherrug,Falco,cherrug,NA,Falco_cherrug,Falco_cherrug,Falconidae,FALCONIFORMES,NONPASSERIFORMES,NONPASSERIFORMES,1,1,Falco_cherrug,1Falco_peregrinus,Falco,peregrinus,NA,Falco_peregrinus,Falco_peregrinus,Falconidae,FALCONIFORMES,NONPASSERIFORMES,NONPASSERIFORMES,1,1,Falco_cherrug,0Ficedula_albicollis,Ficedula,albicollis,NA,Ficedula_albicollis,Ficedula_albicollis,Muscicapidae,PASSERIFORMES,PASSERIFORMES,Passeri,1,1,Ficedula_albicollis,1Fulmarus_glacialis,Fulmarus,glacialis,NA,Fulmarus_glacialis,Fulmarus_glacialis,Procellariidae,PROCELLARIIFORMES,NONPASSERIFORMES,NONPASSERIFORMES,1,1,Fulmarus_glacialoides,1Gallus_gallus,Gallus,gallus,NA,Gallus_gallus,Gallus_gallus,Phasianidae,GALLIFORMES,NONPASSERIFORMES,NONPASSERIFORMES,1,1,Gallus_gallus,1Gavia_stellata,Gavia,stellata,NA,Gavia_stellata,Gavia_stellata,Gaviidae,GAVIIFORMES,NONPASSERIFORMES,NONPASSERIFORMES,1,1,Gavia_stellata,1Geospiza_fortis,Geospiza,fortis,NA,Geospiza_fortis,Geospiza_fortis,Emberizidae,PASSERIFORMES,PASSERIFORMES,Passeri,1,1,Geospiza_conirostris,1Haliaeetus_albicilla,Haliaeetus,albicilla,NA,Haliaeetus_albicilla,Haliaeetus_albicilla,Accipitridae,ACCIPITRIFORMES,NONPASSERIFORMES,NONPASSERIFORMES,1,1,Haliaeetus_albicilla,1Haliaeetus_leucocephalus,Haliaeetus,leucocephalus,NA,Haliaeetus_leucocephalus,Haliaeetus_leucocephalus,Accipitridae,ACCIPITRIFORMES,NONPASSERIFORMES,NONPASSERIFORMES,1,1,Haliaeetus_albicilla,0Lepidothrix_coronata,Lepidothrix,coronata,NA,Lepidothrix_coronata,Lepidothrix_coronata,Pipridae,PASSERIFORMES,PASSERIFORMES,Tyranni,1,1,Lepidothrix_coronata,1Leptosomus_discolor,Leptosomus,discolor,NA,Leptosomus_discolor,Leptosomus_discolor,Leptosomidae,LEPTOSOMIFORMES,NONPASSERIFORMES,NONPASSERIFORMES,1,1,Leptosomus_discolor,1Lyrurus_tetrix,Lyrurus,tetrix,tetrix,Lyrurus_tetrix_tetrix,Tetrao_tetrix,Phasianidae,GALLIFORMES,NONPASSERIFORMES,NONPASSERIFORMES,1,0,Tetrao_tetrix,1Manacus_vitellinus,Manacus,vitellinus,NA,Manacus_vitellinus,Manacus_vitellinus,Pipridae,PASSERIFORMES,PASSERIFORMES,Tyranni,1,1,Manacus_vitellinus,1Meleagris_gallopavo,Meleagris,gallopavo,NA,Meleagris_gallopavo,Meleagris_gallopavo,Phasianidae,GALLIFORMES,NONPASSERIFORMES,NONPASSERIFORMES,1,1,Meleagris_gallopavo,1Melopsittacus_undulatus,Melopsittacus,undulatus,NA,Melopsittacus_undulatus,Melopsittacus_undulatus,Psittacidae,PSITTACIFORMES,NONPASSERIFORMES,NONPASSERIFORMES,1,1,Melopsittacus_undulatus,1Merops_nubicus,Merops,nubicus,NA,Merops_nubicus,Merops_nubicus,Meropidae,CORACIIFORMES,NONPASSERIFORMES,NONPASSERIFORMES,1,1,Merops_nubicoides,1Mesitornis_unicolor,Mesitornis,unicolor,NA,Mesitornis_unicolor,Mesitornis_unicolor,Mesitornithidae,MESITORNITHIFORMES,NONPASSERIFORMES,NONPASSERIFORMES,1,1,Mesitornis_unicolor,1Nestor_notabilis,Nestor,notabilis,NA,Nestor_notabilis,Nestor_notabilis,Psittacidae,PSITTACIFORMES,NONPASSERIFORMES,NONPASSERIFORMES,1,1,Nestor_notabilis,1Nipponia_nippon,Nipponia,nippon,NA,Nipponia_nippon,Nipponia_nippon,Threskiornithidae,PELECANIFORMES,NONPASSERIFORMES,NONPASSERIFORMES,1,1,Nipponia_nippon,1Opisthocomus_hoazin,Opisthocomus,hoazin,NA,Opisthocomus_hoazin,Opisthocomus_hoazin,Opisthocomidae,OPISTHOCOMIFORMES,NONPASSERIFORMES,NONPASSERIFORMES,1,1,Opisthocomus_hoazin,1Parus_major,Parus,major,NA,Parus_major,Parus_major,Paridae,PASSERIFORMES,PASSERIFORMES,Passeri,1,1,Parus_major,1Passer_domesticus,Passer,domesticus,NA,Passer_domesticus,Passer_domesticus,Passeridae,PASSERIFORMES,PASSERIFORMES,Passeri,1,0,Passer_domesticus,1Pelecanus_crispus,Pelecanus,crispus,NA,Pelecanus_crispus,Pelecanus_crispus,Pelecanidae,PELECANIFORMES,NONPASSERIFORMES,NONPASSERIFORMES,1,1,Pelecanus_crispus,1Phaethon_lepturus,Phaethon,lepturus,NA,Phaethon_lepturus,Phaethon_lepturus,Phaethontidae,PHAETHONTIFORMES,NONPASSERIFORMES,NONPASSERIFORMES,1,1,Phaethon_rubricauda,1Phalacrocorax_carbo,Phalacrocorax,carbo,NA,Phalacrocorax_carbo,Phalacrocorax_carbo,Phalacrocoracidae,SULIFORMES,NONPASSERIFORMES,NONPASSERIFORMES,1,1,Phalacrocorax_carbo,1Phoenicopterus_ruber,Phoenicopterus,ruber,ruber,Phoenicopterus_ruber_ruber,Phoenicopterus_ruber,Phoenicopteridae,PHOENICOPTERIFORMES,NONPASSERIFORMES,NONPASSERIFORMES,1,0,Phoenicopterus_ruber,1Phylloscopus_plumbeitarsus,Phylloscopus,plumbeitarsus,NA,Phylloscopus_plumbeitarsus,Phylloscopus_trochiloides,Sylviidae,PASSERIFORMES,PASSERIFORMES,Passeri,1,0,Phylloscopus_canariensis,0Phylloscopus_trochiloides,Phylloscopus,trochiloides,trochiloides,Phylloscopus_trochiloides_trochiloides,Phylloscopus_trochiloides,Sylviidae,PASSERIFORMES,PASSERIFORMES,Passeri,1,0,Phylloscopus_canariensis,1Phylloscopus_trochiloides,Phylloscopus,trochiloides,viridanus,Phylloscopus_trochiloides_viridanus,Phylloscopus_trochiloides,Sylviidae,PASSERIFORMES,PASSERIFORMES,Passeri,1,0,Phylloscopus_canariensis,0Picoides_pubescens,Picoides,pubescens,NA,Picoides_pubescens,Picoides_pubescens,Picidae,PICIFORMES,NONPASSERIFORMES,NONPASSERIFORMES,1,1,Picoides_pubescens,1Podiceps_cristatus,Podiceps,cristatus,NA,Podiceps_cristatus,Podiceps_cristatus,Podicipedidae,PODICIPEDIFORMES,NONPASSERIFORMES,NONPASSERIFORMES,1,0,Podiceps_cristatus,1Pseudopodoces_humilis,Pseudopodoces,humilis,NA,Pseudopodoces_humilis,Pseudopodoces_humilis,Paridae,PASSERIFORMES,PASSERIFORMES,Passeri,1,1,Pseudopodoces_humilis,1Pterocles_gutturalis,Pterocles,gutturalis,NA,Pterocles_gutturalis,Pterocles_gutturalis,Pteroclididae,PTEROCLIDIFORMES,NONPASSERIFORMES,NONPASSERIFORMES,1,1,Pterocles_gutturalis,1Pygoscelis_adeliae,Pygoscelis,adeliae,NA,Pygoscelis_adeliae,Pygoscelis_adeliae,Spheniscidae,SPHENISCIFORMES,NONPASSERIFORMES,NONPASSERIFORMES,1,1,Pygoscelis_antarcticus,1Serinus_canaria,Serinus,canaria,NA,Serinus_canaria,Serinus_canaria,Fringillidae,PASSERIFORMES,PASSERIFORMES,Passeri,1,1,Serinus_scotops,1Setophaga_coronata,Setophaga,coronata,coronata,Setophaga_coronata_coronata,Dendroica_coronata,Parulidae,PASSERIFORMES,PASSERIFORMES,Passeri,1,0,Dendroica_petechia,1Struthio_camelus,Struthio,camelus,australis,Struthio_camelus_australis,Struthio_camelus,Struthionidae,STRUTHIONIFORMES,NONPASSERIFORMES,NONPASSERIFORMES,1,1,Struthio_camelus,1Sturnus_vulgaris,Sturnus,vulgaris,NA,Sturnus_vulgaris,Sturnus_vulgaris,Sturnidae,PASSERIFORMES,PASSERIFORMES,Passeri,1,1,Sturnus_erythropygius,1Taeniopygia_guttata,Taeniopygia,guttata,NA,Taeniopygia_guttata,Taeniopygia_guttata,Estrildidae,PASSERIFORMES,PASSERIFORMES,Passeri,1,1,Taeniopygia_guttata,1Tauraco_erythrolophus,Tauraco,erythrolophus,NA,Tauraco_erythrolophus,Tauraco_erythrolophus,Musophagidae,MUSOPHAGIFORMES,NONPASSERIFORMES,NONPASSERIFORMES,1,1,Tauraco_erythrolophus,1Tinamus_guttatus,Tinamus,guttatus,NA,Tinamus_guttatus,Tinamus_guttatus,Tinamidae,TINAMIFORMES,NONPASSERIFORMES,NONPASSERIFORMES,1,1,Tinamus_guttatus,1Tympanuchus_cupido,Tympanuchus,cupido,pinnatus,Tympanuchus_cupido_pinnatus,Tympanuchus_cupido,Phasianidae,GALLIFORMES,NONPASSERIFORMES,NONPASSERIFORMES,1,0,Tympanuchus_phasianellus,1Tyto_alba,Tyto,alba,NA,Tyto_alba,Tyto_alba,Tytonidae,STRIGIFORMES,NONPASSERIFORMES,NONPASSERIFORMES,1,1,Tyto_alba,1Zonotrichia_albicollis,Zonotrichia,albicollis,NA,Zonotrichia_albicollis,Zonotrichia_albicollis,Emberizidae,PASSERIFORMES,PASSERIFORMES,Passeri,1,1,Zonotrichia_querula,1Zosterops_lateralis,Zosterops,lateralis,melanops,Zosterops_lateralis_melanops,Zosterops_lateralis,Zosteropidae,PASSERIFORMES,PASSERIFORMES,Passeri,1,0,Zosterops_erythropleurus,1